"year","month","temperature_anomaly","solar_exposure_anomaly"
2021,1,0.119999999999997,-6.48148148148147
2021,2,-2.34,-19.6759259259259
2021,3,-0.460000000000001,-11.8055555555555
2021,4,0.760000000000002,-5.32407407407408
2021,5,-1,-7.17592592592592
2021,6,-0.68,0
2021,7,-0.359999999999999,-9.25925925925927
2021,8,0.0600000000000023,1.38888888888889
2021,9,-0.260000000000002,-0.462962962962962
2021,10,-1.92,-12.7314814814815
2021,11,-0.919999999999998,-1.15740740740739
2021,12,0.82,0.925925925925924
2022,1,0.920000000000002,8.56481481481484
2022,2,2.06,15.0462962962963
2022,3,-0.16,-16.4351851851852
2022,4,-0.440000000000001,-1.85185185185188
2022,5,-1,4.39814814814815
2022,6,0.52,2.31481481481481
2022,7,0.34,-1.15740740740742
2022,8,-0.939999999999998,-0.925925925925924
2022,9,-0.66,-6.25
2022,10,-1.32,-2.31481481481484
2022,11,-1.52,-9.25925925925924
2022,12,-1.18,-9.49074074074076
2023,1,-0.380000000000003,8.56481481481484
2023,2,-0.439999999999998,12.7314814814815
2023,3,-0.559999999999999,5.55555555555557
2023,4,-2.64,-8.7962962962963
2023,5,-0.800000000000001,-1.38888888888889
2023,6,-1.98,0
2023,7,-0.0599999999999987,3.47222222222221
2023,8,0.859999999999999,8.33333333333334
2023,9,0.539999999999999,-10.8796296296296
2023,10,2.78,15.0462962962963
2023,11,3.28,9.25925925925924
2023,12,0.120000000000001,4.39814814814815
2024,1,-0.68,3.93518518518522
2024,2,2.16,-4.62962962962962
2024,3,-0.16,11.3425925925926
2024,4,1.86,8.56481481481481
2024,5,1.7,-1.38888888888889
2024,6,0.920000000000002,0
2024,7,0.84,1.1574074074074
2024,8,0.359999999999999,-5.55555555555554
2024,9,0.84,13.4259259259259
2024,10,1.18,4.62962962962962
2024,11,-0.719999999999999,-4.62962962962962
2024,12,0.120000000000001,-3.7037037037037
2025,1,0.019999999999996,-14.5833333333333
2025,2,-1.44,-3.47222222222223
2025,3,1.34,11.3425925925926
2025,4,0.460000000000001,7.40740740740739
2025,5,1.1,5.55555555555557
2025,6,1.22,-2.31481481481481
2025,7,-0.760000000000002,5.78703703703704
2025,8,-0.34,-3.24074074074073
2025,9,-0.460000000000001,4.16666666666666
2025,10,-0.720000000000002,-4.62962962962962
2025,11,-0.120000000000001,5.78703703703707
2025,12,0.120000000000001,7.87037037037038
