STRUCTURE,STRUCTURE_ID,STRUCTURE_NAME,ACTION,CEN23_YEAR_001,Census year,CEN23_GEO_002,Area,CEN23_BIR_003,Birthplace,CEN23_AGE_003,Age,OBS_VALUE,Observation Value,OBS_STATUS,Observation Status
DATAFLOW,STATSNZ:CEN23_ECI_006(1.0),"Birthplace and age for the census usually resident population count, (RC, TALB, SA2, Health), 2013, 2018, and 2023 Censuses",I,2023,2023,9999,Total - New Zealand by regional council,B0204,Cook Islands,99,Total - age,12303,,,
DATAFLOW,STATSNZ:CEN23_ECI_006(1.0),"Birthplace and age for the census usually resident population count, (RC, TALB, SA2, Health), 2013, 2018, and 2023 Censuses",I,2023,2023,9999,Total - New Zealand by regional council,B0403,Germany,99,Total - age,16263,,,
DATAFLOW,STATSNZ:CEN23_ECI_006(1.0),"Birthplace and age for the census usually resident population count, (RC, TALB, SA2, Health), 2013, 2018, and 2023 Censuses",I,2023,2023,9999,Total - New Zealand by regional council,B1007,Mexico,99,Total - age,1824,,,
DATAFLOW,STATSNZ:CEN23_ECI_006(1.0),"Birthplace and age for the census usually resident population count, (RC, TALB, SA2, Health), 2013, 2018, and 2023 Censuses",I,2023,2023,9999,Total - New Zealand by regional council,B0905,Nepal,99,Total - age,6174,,,
DATAFLOW,STATSNZ:CEN23_ECI_006(1.0),"Birthplace and age for the census usually resident population count, (RC, TALB, SA2, Health), 2013, 2018, and 2023 Censuses",I,2023,2023,9999,Total - New Zealand by regional council,A,New Zealand,99,Total - age,3525744,,,
DATAFLOW,STATSNZ:CEN23_ECI_006(1.0),"Birthplace and age for the census usually resident population count, (RC, TALB, SA2, Health), 2013, 2018, and 2023 Censuses",I,2023,2023,9999,Total - New Zealand by regional council,B0607,Israel,99,Total - age,1266,,,
DATAFLOW,STATSNZ:CEN23_ECI_006(1.0),"Birthplace and age for the census usually resident population count, (RC, TALB, SA2, Health), 2013, 2018, and 2023 Censuses",I,2023,2023,9999,Total - New Zealand by regional council,B06,North Africa and the Middle East,99,Total - age,27483,,,
DATAFLOW,STATSNZ:CEN23_ECI_006(1.0),"Birthplace and age for the census usually resident population count, (RC, TALB, SA2, Health), 2013, 2018, and 2023 Censuses",I,2023,2023,9999,Total - New Zealand by regional council,B08,North-East Asia,99,Total - age,214464,,,
DATAFLOW,STATSNZ:CEN23_ECI_006(1.0),"Birthplace and age for the census usually resident population count, (RC, TALB, SA2, Health), 2013, 2018, and 2023 Censuses",I,2023,2023,9999,Total - New Zealand by regional council,B0203,Tonga,99,Total - age,29328,,,
DATAFLOW,STATSNZ:CEN23_ECI_006(1.0),"Birthplace and age for the census usually resident population count, (RC, TALB, SA2, Health), 2013, 2018, and 2023 Censuses",I,2023,2023,9999,Total - New Zealand by regional council,B11,Sub-Saharan Africa,99,Total - age,117708,,,
DATAFLOW,STATSNZ:CEN23_ECI_006(1.0),"Birthplace and age for the census usually resident population count, (RC, TALB, SA2, Health), 2013, 2018, and 2023 Censuses",I,2023,2023,9999,Total - New Zealand by regional council,B0505,Romania,99,Total - age,2256,,,
DATAFLOW,STATSNZ:CEN23_ECI_006(1.0),"Birthplace and age for the census usually resident population count, (RC, TALB, SA2, Health), 2013, 2018, and 2023 Censuses",I,2023,2023,9999,Total - New Zealand by regional council,B0416,Other,99,Total - age,1776,,,
DATAFLOW,STATSNZ:CEN23_ECI_006(1.0),"Birthplace and age for the census usually resident population count, (RC, TALB, SA2, Health), 2013, 2018, and 2023 Censuses",I,2023,2023,9999,Total - New Zealand by regional council,B0606,Syria,99,Total - age,1911,,,
DATAFLOW,STATSNZ:CEN23_ECI_006(1.0),"Birthplace and age for the census usually resident population count, (RC, TALB, SA2, Health), 2013, 2018, and 2023 Censuses",I,2023,2023,9999,Total - New Zealand by regional council,B02,Pacific Islands,99,Total - age,188277,,,
DATAFLOW,STATSNZ:CEN23_ECI_006(1.0),"Birthplace and age for the census usually resident population count, (RC, TALB, SA2, Health), 2013, 2018, and 2023 Censuses",I,2023,2023,9999,Total - New Zealand by regional council,B0708,Myanmar,99,Total - age,3648,,,
DATAFLOW,STATSNZ:CEN23_ECI_006(1.0),"Birthplace and age for the census usually resident population count, (RC, TALB, SA2, Health), 2013, 2018, and 2023 Censuses",I,2023,2023,9999,Total - New Zealand by regional council,B05,Southern and Eastern Europe,99,Total - age,35679,,,
DATAFLOW,STATSNZ:CEN23_ECI_006(1.0),"Birthplace and age for the census usually resident population count, (RC, TALB, SA2, Health), 2013, 2018, and 2023 Censuses",I,2023,2023,9999,Total - New Zealand by regional council,B0805,Taiwan,99,Total - age,10899,,,
DATAFLOW,STATSNZ:CEN23_ECI_006(1.0),"Birthplace and age for the census usually resident population count, (RC, TALB, SA2, Health), 2013, 2018, and 2023 Censuses",I,2023,2023,9999,Total - New Zealand by regional council,B0605,United Arab Emirates,99,Total - age,2694,,,
DATAFLOW,STATSNZ:CEN23_ECI_006(1.0),"Birthplace and age for the census usually resident population count, (RC, TALB, SA2, Health), 2013, 2018, and 2023 Censuses",I,2023,2023,9999,Total - New Zealand by regional council,B0206,Vanuatu,99,Total - age,1239,,,
DATAFLOW,STATSNZ:CEN23_ECI_006(1.0),"Birthplace and age for the census usually resident population count, (RC, TALB, SA2, Health), 2013, 2018, and 2023 Censuses",I,2023,2023,9999,Total - New Zealand by regional council,B0603,Saudi Arabia,99,Total - age,1632,,,
DATAFLOW,STATSNZ:CEN23_ECI_006(1.0),"Birthplace and age for the census usually resident population count, (RC, TALB, SA2, Health), 2013, 2018, and 2023 Censuses",I,2023,2023,9999,Total - New Zealand by regional council,B0407,France,99,Total - age,7476,,,
DATAFLOW,STATSNZ:CEN23_ECI_006(1.0),"Birthplace and age for the census usually resident population count, (RC, TALB, SA2, Health), 2013, 2018, and 2023 Censuses",I,2023,2023,9999,Total - New Zealand by regional council,B1104,Zambia,99,Total - age,1557,,,
DATAFLOW,STATSNZ:CEN23_ECI_006(1.0),"Birthplace and age for the census usually resident population count, (RC, TALB, SA2, Health), 2013, 2018, and 2023 Censuses",I,2023,2023,9999,Total - New Zealand by regional council,B04,North-West Europe,99,Total - age,317868,,,
DATAFLOW,STATSNZ:CEN23_ECI_006(1.0),"Birthplace and age for the census usually resident population count, (RC, TALB, SA2, Health), 2013, 2018, and 2023 Censuses",I,2023,2023,9999,Total - New Zealand by regional council,B0211,Solomon Islands,99,Total - age,726,,,
DATAFLOW,STATSNZ:CEN23_ECI_006(1.0),"Birthplace and age for the census usually resident population count, (RC, TALB, SA2, Health), 2013, 2018, and 2023 Censuses",I,2023,2023,9999,Total - New Zealand by regional council,B0212,Other,99,Total - age,2451,,,
DATAFLOW,STATSNZ:CEN23_ECI_006(1.0),"Birthplace and age for the census usually resident population count, (RC, TALB, SA2, Health), 2013, 2018, and 2023 Censuses",I,2023,2023,9999,Total - New Zealand by regional council,B1004,Chile,99,Total - age,5661,,,
DATAFLOW,STATSNZ:CEN23_ECI_006(1.0),"Birthplace and age for the census usually resident population count, (RC, TALB, SA2, Health), 2013, 2018, and 2023 Censuses",I,2023,2023,9999,Total - New Zealand by regional council,B10,The Americas,99,Total - age,77823,,,
DATAFLOW,STATSNZ:CEN23_ECI_006(1.0),"Birthplace and age for the census usually resident population count, (RC, TALB, SA2, Health), 2013, 2018, and 2023 Censuses",I,2023,2023,9999,Total - New Zealand by regional council,B0803,Japan,99,Total - age,12723,,,
DATAFLOW,STATSNZ:CEN23_ECI_006(1.0),"Birthplace and age for the census usually resident population count, (RC, TALB, SA2, Health), 2013, 2018, and 2023 Censuses",I,2023,2023,9999,Total - New Zealand by regional council,B0509,Hungary,99,Total - age,1590,,,
DATAFLOW,STATSNZ:CEN23_ECI_006(1.0),"Birthplace and age for the census usually resident population count, (RC, TALB, SA2, Health), 2013, 2018, and 2023 Censuses",I,2023,2023,9999,Total - New Zealand by regional council,B0405,United Kingdom (not further defined),99,Total - age,8691,,,
DATAFLOW,STATSNZ:CEN23_ECI_006(1.0),"Birthplace and age for the census usually resident population count, (RC, TALB, SA2, Health), 2013, 2018, and 2023 Censuses",I,2023,2023,9999,Total - New Zealand by regional council,B0903,Pakistan,99,Total - age,6690,,,
DATAFLOW,STATSNZ:CEN23_ECI_006(1.0),"Birthplace and age for the census usually resident population count, (RC, TALB, SA2, Health), 2013, 2018, and 2023 Censuses",I,2023,2023,9999,Total - New Zealand by regional council,B1001,United States of America,99,Total - age,31779,,,
DATAFLOW,STATSNZ:CEN23_ECI_006(1.0),"Birthplace and age for the census usually resident population count, (RC, TALB, SA2, Health), 2013, 2018, and 2023 Censuses",I,2023,2023,9999,Total - New Zealand by regional council,B0701,Philippines,99,Total - age,99264,,,
DATAFLOW,STATSNZ:CEN23_ECI_006(1.0),"Birthplace and age for the census usually resident population count, (RC, TALB, SA2, Health), 2013, 2018, and 2023 Censuses",I,2023,2023,9999,Total - New Zealand by regional council,B0801,"China, People's Republic of",99,Total - age,145371,,,
DATAFLOW,STATSNZ:CEN23_ECI_006(1.0),"Birthplace and age for the census usually resident population count, (RC, TALB, SA2, Health), 2013, 2018, and 2023 Censuses",I,2023,2023,9999,Total - New Zealand by regional council,B0404,Netherlands,99,Total - age,17484,,,
DATAFLOW,STATSNZ:CEN23_ECI_006(1.0),"Birthplace and age for the census usually resident population count, (RC, TALB, SA2, Health), 2013, 2018, and 2023 Censuses",I,2023,2023,9999,Total - New Zealand by regional council,B0806,Other,99,Total - age,474,,,
DATAFLOW,STATSNZ:CEN23_ECI_006(1.0),"Birthplace and age for the census usually resident population count, (RC, TALB, SA2, Health), 2013, 2018, and 2023 Censuses",I,2023,2023,9999,Total - New Zealand by regional council,B0401,England,99,Total - age,208428,,,
DATAFLOW,STATSNZ:CEN23_ECI_006(1.0),"Birthplace and age for the census usually resident population count, (RC, TALB, SA2, Health), 2013, 2018, and 2023 Censuses",I,2023,2023,9999,Total - New Zealand by regional council,B0608,Turkey,99,Total - age,1365,,,
DATAFLOW,STATSNZ:CEN23_ECI_006(1.0),"Birthplace and age for the census usually resident population count, (RC, TALB, SA2, Health), 2013, 2018, and 2023 Censuses",I,2023,2023,9999,Total - New Zealand by regional council,B0209,Papua New Guinea,99,Total - age,1509,,,
DATAFLOW,STATSNZ:CEN23_ECI_006(1.0),"Birthplace and age for the census usually resident population count, (RC, TALB, SA2, Health), 2013, 2018, and 2023 Censuses",I,2023,2023,9999,Total - New Zealand by regional council,B0402,Scotland,99,Total - age,24621,,,
DATAFLOW,STATSNZ:CEN23_ECI_006(1.0),"Birthplace and age for the census usually resident population count, (RC, TALB, SA2, Health), 2013, 2018, and 2023 Censuses",I,2023,2023,9999,Total - New Zealand by regional council,B0506,Ukraine,99,Total - age,2460,,,
DATAFLOW,STATSNZ:CEN23_ECI_006(1.0),"Birthplace and age for the census usually resident population count, (RC, TALB, SA2, Health), 2013, 2018, and 2023 Censuses",I,2023,2023,9999,Total - New Zealand by regional council,C,Not elsewhere included,99,Total - age,41196,,,
DATAFLOW,STATSNZ:CEN23_ECI_006(1.0),"Birthplace and age for the census usually resident population count, (RC, TALB, SA2, Health), 2013, 2018, and 2023 Censuses",I,2023,2023,9999,Total - New Zealand by regional council,B0415,Channel Islands,99,Total - age,1029,,,
DATAFLOW,STATSNZ:CEN23_ECI_006(1.0),"Birthplace and age for the census usually resident population count, (RC, TALB, SA2, Health), 2013, 2018, and 2023 Censuses",I,2023,2023,9999,Total - New Zealand by regional council,B,Overseas,99,Total - age,1426983,,,
DATAFLOW,STATSNZ:CEN23_ECI_006(1.0),"Birthplace and age for the census usually resident population count, (RC, TALB, SA2, Health), 2013, 2018, and 2023 Censuses",I,2023,2023,9999,Total - New Zealand by regional council,B03,Other Oceania and Antarctica,99,Total - age,3,,,
DATAFLOW,STATSNZ:CEN23_ECI_006(1.0),"Birthplace and age for the census usually resident population count, (RC, TALB, SA2, Health), 2013, 2018, and 2023 Censuses",I,2023,2023,9999,Total - New Zealand by regional council,B0412,Denmark,99,Total - age,1428,,,
DATAFLOW,STATSNZ:CEN23_ECI_006(1.0),"Birthplace and age for the census usually resident population count, (RC, TALB, SA2, Health), 2013, 2018, and 2023 Censuses",I,2023,2023,9999,Total - New Zealand by regional council,B1005,Argentina,99,Total - age,5370,,,
DATAFLOW,STATSNZ:CEN23_ECI_006(1.0),"Birthplace and age for the census usually resident population count, (RC, TALB, SA2, Health), 2013, 2018, and 2023 Censuses",I,2023,2023,9999,Total - New Zealand by regional council,B0902,Sri Lanka,99,Total - age,19470,,,
DATAFLOW,STATSNZ:CEN23_ECI_006(1.0),"Birthplace and age for the census usually resident population count, (RC, TALB, SA2, Health), 2013, 2018, and 2023 Censuses",I,2023,2023,9999,Total - New Zealand by regional council,B0202,Samoa,99,Total - age,61494,,,
DATAFLOW,STATSNZ:CEN23_ECI_006(1.0),"Birthplace and age for the census usually resident population count, (RC, TALB, SA2, Health), 2013, 2018, and 2023 Censuses",I,2023,2023,9999,Total - New Zealand by regional council,B1105,Ethiopia,99,Total - age,1656,,,
DATAFLOW,STATSNZ:CEN23_ECI_006(1.0),"Birthplace and age for the census usually resident population count, (RC, TALB, SA2, Health), 2013, 2018, and 2023 Censuses",I,2023,2023,9999,Total - New Zealand by regional council,B1101,South Africa,99,Total - age,95577,,,
DATAFLOW,STATSNZ:CEN23_ECI_006(1.0),"Birthplace and age for the census usually resident population count, (RC, TALB, SA2, Health), 2013, 2018, and 2023 Censuses",I,2023,2023,9999,Total - New Zealand by regional council,777777,Total stated - birthplace,99,Total - age,4952727,,,
DATAFLOW,STATSNZ:CEN23_ECI_006(1.0),"Birthplace and age for the census usually resident population count, (RC, TALB, SA2, Health), 2013, 2018, and 2023 Censuses",I,2023,2023,9999,Total - New Zealand by regional council,B0414,Belgium,99,Total - age,1320,,,
DATAFLOW,STATSNZ:CEN23_ECI_006(1.0),"Birthplace and age for the census usually resident population count, (RC, TALB, SA2, Health), 2013, 2018, and 2023 Censuses",I,2023,2023,9999,Total - New Zealand by regional council,B0706,Indonesia,99,Total - age,7569,,,
DATAFLOW,STATSNZ:CEN23_ECI_006(1.0),"Birthplace and age for the census usually resident population count, (RC, TALB, SA2, Health), 2013, 2018, and 2023 Censuses",I,2023,2023,9999,Total - New Zealand by regional council,B0504,Poland,99,Total - age,2496,,,
DATAFLOW,STATSNZ:CEN23_ECI_006(1.0),"Birthplace and age for the census usually resident population count, (RC, TALB, SA2, Health), 2013, 2018, and 2023 Censuses",I,2023,2023,9999,Total - New Zealand by regional council,B1006,Colombia,99,Total - age,3960,,,
DATAFLOW,STATSNZ:CEN23_ECI_006(1.0),"Birthplace and age for the census usually resident population count, (RC, TALB, SA2, Health), 2013, 2018, and 2023 Censuses",I,2023,2023,9999,Total - New Zealand by regional council,B0901,India,99,Total - age,142920,,,
DATAFLOW,STATSNZ:CEN23_ECI_006(1.0),"Birthplace and age for the census usually resident population count, (RC, TALB, SA2, Health), 2013, 2018, and 2023 Censuses",I,2023,2023,9999,Total - New Zealand by regional council,B0501,Russia,99,Total - age,8532,,,
DATAFLOW,STATSNZ:CEN23_ECI_006(1.0),"Birthplace and age for the census usually resident population count, (RC, TALB, SA2, Health), 2013, 2018, and 2023 Censuses",I,2023,2023,9999,Total - New Zealand by regional council,B0802,"Korea, Republic of",99,Total - age,31689,,,
DATAFLOW,STATSNZ:CEN23_ECI_006(1.0),"Birthplace and age for the census usually resident population count, (RC, TALB, SA2, Health), 2013, 2018, and 2023 Censuses",I,2023,2023,9999,Total - New Zealand by regional council,B0705,Cambodia,99,Total - age,8118,,,
DATAFLOW,STATSNZ:CEN23_ECI_006(1.0),"Birthplace and age for the census usually resident population count, (RC, TALB, SA2, Health), 2013, 2018, and 2023 Censuses",I,2023,2023,9999,Total - New Zealand by regional council,B1002,Canada,99,Total - age,12894,,,
DATAFLOW,STATSNZ:CEN23_ECI_006(1.0),"Birthplace and age for the census usually resident population count, (RC, TALB, SA2, Health), 2013, 2018, and 2023 Censuses",I,2023,2023,9999,Total - New Zealand by regional council,B0702,Malaysia,99,Total - age,22521,,,
DATAFLOW,STATSNZ:CEN23_ECI_006(1.0),"Birthplace and age for the census usually resident population count, (RC, TALB, SA2, Health), 2013, 2018, and 2023 Censuses",I,2023,2023,9999,Total - New Zealand by regional council,999999,Total - birthplace,99,Total - age,4993923,,,
DATAFLOW,STATSNZ:CEN23_ECI_006(1.0),"Birthplace and age for the census usually resident population count, (RC, TALB, SA2, Health), 2013, 2018, and 2023 Censuses",I,2023,2023,9999,Total - New Zealand by regional council,B0709,Other,99,Total - age,1512,,,
DATAFLOW,STATSNZ:CEN23_ECI_006(1.0),"Birthplace and age for the census usually resident population count, (RC, TALB, SA2, Health), 2013, 2018, and 2023 Censuses",I,2023,2023,9999,Total - New Zealand by regional council,B0207,Kiribati,99,Total - age,2844,,,
DATAFLOW,STATSNZ:CEN23_ECI_006(1.0),"Birthplace and age for the census usually resident population count, (RC, TALB, SA2, Health), 2013, 2018, and 2023 Censuses",I,2023,2023,9999,Total - New Zealand by regional council,B0208,Tuvalu,99,Total - age,2247,,,
DATAFLOW,STATSNZ:CEN23_ECI_006(1.0),"Birthplace and age for the census usually resident population count, (RC, TALB, SA2, Health), 2013, 2018, and 2023 Censuses",I,2023,2023,9999,Total - New Zealand by regional council,B0609,Other Oceania and Antarctica,99,Total - age,5760,,,
DATAFLOW,STATSNZ:CEN23_ECI_006(1.0),"Birthplace and age for the census usually resident population count, (RC, TALB, SA2, Health), 2013, 2018, and 2023 Censuses",I,2023,2023,9999,Total - New Zealand by regional council,B09,Southern and Central Asia,99,Total - age,187134,,,
DATAFLOW,STATSNZ:CEN23_ECI_006(1.0),"Birthplace and age for the census usually resident population count, (RC, TALB, SA2, Health), 2013, 2018, and 2023 Censuses",I,2023,2023,9999,Total - New Zealand by regional council,B0502,Italy,99,Total - age,3249,,,
DATAFLOW,STATSNZ:CEN23_ECI_006(1.0),"Birthplace and age for the census usually resident population count, (RC, TALB, SA2, Health), 2013, 2018, and 2023 Censuses",I,2023,2023,9999,Total - New Zealand by regional council,B1106,Somalia,99,Total - age,1308,,,
DATAFLOW,STATSNZ:CEN23_ECI_006(1.0),"Birthplace and age for the census usually resident population count, (RC, TALB, SA2, Health), 2013, 2018, and 2023 Censuses",I,2023,2023,9999,Total - New Zealand by regional council,B0508,Spain,99,Total - age,1608,,,
DATAFLOW,STATSNZ:CEN23_ECI_006(1.0),"Birthplace and age for the census usually resident population count, (RC, TALB, SA2, Health), 2013, 2018, and 2023 Censuses",I,2023,2023,9999,Total - New Zealand by regional council,B0703,Thailand,99,Total - age,11955,,,
DATAFLOW,STATSNZ:CEN23_ECI_006(1.0),"Birthplace and age for the census usually resident population count, (RC, TALB, SA2, Health), 2013, 2018, and 2023 Censuses",I,2023,2023,9999,Total - New Zealand by regional council,B0503,Czech Republic,99,Total - age,2526,,,
DATAFLOW,STATSNZ:CEN23_ECI_006(1.0),"Birthplace and age for the census usually resident population count, (RC, TALB, SA2, Health), 2013, 2018, and 2023 Censuses",I,2023,2023,9999,Total - New Zealand by regional council,B0511,Greece,99,Total - age,900,,,
DATAFLOW,STATSNZ:CEN23_ECI_006(1.0),"Birthplace and age for the census usually resident population count, (RC, TALB, SA2, Health), 2013, 2018, and 2023 Censuses",I,2023,2023,9999,Total - New Zealand by regional council,B0602,Iran,99,Total - age,5409,,,
DATAFLOW,STATSNZ:CEN23_ECI_006(1.0),"Birthplace and age for the census usually resident population count, (RC, TALB, SA2, Health), 2013, 2018, and 2023 Censuses",I,2023,2023,9999,Total - New Zealand by regional council,B01,Australia,99,Total - age,86427,,,
DATAFLOW,STATSNZ:CEN23_ECI_006(1.0),"Birthplace and age for the census usually resident population count, (RC, TALB, SA2, Health), 2013, 2018, and 2023 Censuses",I,2023,2023,9999,Total - New Zealand by regional council,B0410,Switzerland,99,Total - age,3291,,,
DATAFLOW,STATSNZ:CEN23_ECI_006(1.0),"Birthplace and age for the census usually resident population count, (RC, TALB, SA2, Health), 2013, 2018, and 2023 Censuses",I,2023,2023,9999,Total - New Zealand by regional council,B0210,Tokelau,99,Total - age,1347,,,
DATAFLOW,STATSNZ:CEN23_ECI_006(1.0),"Birthplace and age for the census usually resident population count, (RC, TALB, SA2, Health), 2013, 2018, and 2023 Censuses",I,2023,2023,9999,Total - New Zealand by regional council,B0707,Singapore,99,Total - age,7566,,,
DATAFLOW,STATSNZ:CEN23_ECI_006(1.0),"Birthplace and age for the census usually resident population count, (RC, TALB, SA2, Health), 2013, 2018, and 2023 Censuses",I,2023,2023,9999,Total - New Zealand by regional council,B0510,Serbia,99,Total - age,1428,,,
DATAFLOW,STATSNZ:CEN23_ECI_006(1.0),"Birthplace and age for the census usually resident population count, (RC, TALB, SA2, Health), 2013, 2018, and 2023 Censuses",I,2023,2023,9999,Total - New Zealand by regional council,B0411,Sweden,99,Total - age,1821,,,
DATAFLOW,STATSNZ:CEN23_ECI_006(1.0),"Birthplace and age for the census usually resident population count, (RC, TALB, SA2, Health), 2013, 2018, and 2023 Censuses",I,2023,2023,9999,Total - New Zealand by regional council,B1102,Zimbabwe,99,Total - age,9045,,,
DATAFLOW,STATSNZ:CEN23_ECI_006(1.0),"Birthplace and age for the census usually resident population count, (RC, TALB, SA2, Health), 2013, 2018, and 2023 Censuses",I,2023,2023,9999,Total - New Zealand by regional council,B0409,Northern Ireland,99,Total - age,4560,,,
DATAFLOW,STATSNZ:CEN23_ECI_006(1.0),"Birthplace and age for the census usually resident population count, (RC, TALB, SA2, Health), 2013, 2018, and 2023 Censuses",I,2023,2023,9999,Total - New Zealand by regional council,B07,South-East Asia,99,Total - age,174120,,,
DATAFLOW,STATSNZ:CEN23_ECI_006(1.0),"Birthplace and age for the census usually resident population count, (RC, TALB, SA2, Health), 2013, 2018, and 2023 Censuses",I,2023,2023,9999,Total - New Zealand by regional council,B0804,Hong Kong (Special Administrative Region),99,Total - age,13308,,,
DATAFLOW,STATSNZ:CEN23_ECI_006(1.0),"Birthplace and age for the census usually resident population count, (RC, TALB, SA2, Health), 2013, 2018, and 2023 Censuses",I,2023,2023,9999,Total - New Zealand by regional council,B0601,Iraq,99,Total - age,5493,,,
DATAFLOW,STATSNZ:CEN23_ECI_006(1.0),"Birthplace and age for the census usually resident population count, (RC, TALB, SA2, Health), 2013, 2018, and 2023 Censuses",I,2023,2023,9999,Total - New Zealand by regional council,B1103,Kenya,99,Total - age,1962,,,
DATAFLOW,STATSNZ:CEN23_ECI_006(1.0),"Birthplace and age for the census usually resident population count, (RC, TALB, SA2, Health), 2013, 2018, and 2023 Censuses",I,2023,2023,9999,Total - New Zealand by regional council,B0201,Fiji,99,Total - age,68829,,,
DATAFLOW,STATSNZ:CEN23_ECI_006(1.0),"Birthplace and age for the census usually resident population count, (RC, TALB, SA2, Health), 2013, 2018, and 2023 Censuses",I,2023,2023,9999,Total - New Zealand by regional council,B0408,Wales,99,Total - age,7905,,,
DATAFLOW,STATSNZ:CEN23_ECI_006(1.0),"Birthplace and age for the census usually resident population count, (RC, TALB, SA2, Health), 2013, 2018, and 2023 Censuses",I,2023,2023,9999,Total - New Zealand by regional council,B1107,Other Sub-Saharan Africa,99,Total - age,6606,,,
DATAFLOW,STATSNZ:CEN23_ECI_006(1.0),"Birthplace and age for the census usually resident population count, (RC, TALB, SA2, Health), 2013, 2018, and 2023 Censuses",I,2023,2023,9999,Total - New Zealand by regional council,B0512,Other,99,Total - age,6939,,,
DATAFLOW,STATSNZ:CEN23_ECI_006(1.0),"Birthplace and age for the census usually resident population count, (RC, TALB, SA2, Health), 2013, 2018, and 2023 Censuses",I,2023,2023,9999,Total - New Zealand by regional council,B0406,Ireland,99,Total - age,10308,,,
DATAFLOW,STATSNZ:CEN23_ECI_006(1.0),"Birthplace and age for the census usually resident population count, (RC, TALB, SA2, Health), 2013, 2018, and 2023 Censuses",I,2023,2023,9999,Total - New Zealand by regional council,B0906,Bangladesh,99,Total - age,3303,,,
DATAFLOW,STATSNZ:CEN23_ECI_006(1.0),"Birthplace and age for the census usually resident population count, (RC, TALB, SA2, Health), 2013, 2018, and 2023 Censuses",I,2023,2023,9999,Total - New Zealand by regional council,B12,At sea,99,Total - age,3,,,
DATAFLOW,STATSNZ:CEN23_ECI_006(1.0),"Birthplace and age for the census usually resident population count, (RC, TALB, SA2, Health), 2013, 2018, and 2023 Censuses",I,2023,2023,9999,Total - New Zealand by regional council,B0413,Austria,99,Total - age,1461,,,
DATAFLOW,STATSNZ:CEN23_ECI_006(1.0),"Birthplace and age for the census usually resident population count, (RC, TALB, SA2, Health), 2013, 2018, and 2023 Censuses",I,2023,2023,9999,Total - New Zealand by regional council,B0704,Viet Nam,99,Total - age,11964,,,
DATAFLOW,STATSNZ:CEN23_ECI_006(1.0),"Birthplace and age for the census usually resident population count, (RC, TALB, SA2, Health), 2013, 2018, and 2023 Censuses",I,2023,2023,9999,Total - New Zealand by regional council,B1008,Other Americas,99,Total - age,5688,,,
DATAFLOW,STATSNZ:CEN23_ECI_006(1.0),"Birthplace and age for the census usually resident population count, (RC, TALB, SA2, Health), 2013, 2018, and 2023 Censuses",I,2023,2023,9999,Total - New Zealand by regional council,B0604,Egypt,99,Total - age,1953,,,
DATAFLOW,STATSNZ:CEN23_ECI_006(1.0),"Birthplace and age for the census usually resident population count, (RC, TALB, SA2, Health), 2013, 2018, and 2023 Censuses",I,2023,2023,9999,Total - New Zealand by regional council,B0205,Niue,99,Total - age,3960,,,
DATAFLOW,STATSNZ:CEN23_ECI_006(1.0),"Birthplace and age for the census usually resident population count, (RC, TALB, SA2, Health), 2013, 2018, and 2023 Censuses",I,2023,2023,9999,Total - New Zealand by regional council,B0507,Croatia,99,Total - age,1695,,,
DATAFLOW,STATSNZ:CEN23_ECI_006(1.0),"Birthplace and age for the census usually resident population count, (RC, TALB, SA2, Health), 2013, 2018, and 2023 Censuses",I,2023,2023,9999,Total - New Zealand by regional council,B0904,Afghanistan,99,Total - age,6087,,,
DATAFLOW,STATSNZ:CEN23_ECI_006(1.0),"Birthplace and age for the census usually resident population count, (RC, TALB, SA2, Health), 2013, 2018, and 2023 Censuses",I,2023,2023,9999,Total - New Zealand by regional council,B0907,Other,99,Total - age,2487,,,
DATAFLOW,STATSNZ:CEN23_ECI_006(1.0),"Birthplace and age for the census usually resident population count, (RC, TALB, SA2, Health), 2013, 2018, and 2023 Censuses",I,2023,2023,9999,Total - New Zealand by regional council,B1003,Brazil,99,Total - age,10647,,,
