STRUCTURE,STRUCTURE_ID,STRUCTURE_NAME,ACTION,CEN23_YEAR_001,,CEN23_GEO_002,,CEN23_LAN_001,,CEN23_BIR_007,,CEN23_ETH_002,,OBS_VALUE,,OBS_STATUS,
DATAFLOW,STATSNZ:CEN23_ECI_007(1.0),,I,2023,,9999,,999,,99,,4,,861576,,,
DATAFLOW,STATSNZ:CEN23_ECI_007(1.0),,I,2023,,9999,,999,,99,,3,,442632,,,
DATAFLOW,STATSNZ:CEN23_ECI_007(1.0),,I,2023,,9999,,999,,99,,9,,0,,,
DATAFLOW,STATSNZ:CEN23_ECI_007(1.0),,I,2023,,9999,,999,,99,,5,,92760,,,
DATAFLOW,STATSNZ:CEN23_ECI_007(1.0),,I,2023,,9999,,999,,99,,999,,4993923,,,
DATAFLOW,STATSNZ:CEN23_ECI_007(1.0),,I,2023,,9999,,999,,99,,777,,4993923,,,
DATAFLOW,STATSNZ:CEN23_ECI_007(1.0),,I,2023,,9999,,999,,99,,61,,42684,,,
DATAFLOW,STATSNZ:CEN23_ECI_007(1.0),,I,2023,,9999,,999,,99,,69,,13506,,,
DATAFLOW,STATSNZ:CEN23_ECI_007(1.0),,I,2023,,9999,,999,,99,,1,,3383742,,,
DATAFLOW,STATSNZ:CEN23_ECI_007(1.0),,I,2023,,9999,,999,,99,,2,,887493,,,
